{"target": -2.8911494481970306, "params": {"a0": 0.417022004702574, "a1": 0.7203244934421581, "a2": 0.00011437481734488664, "x": -3.9533485473632046}, "datetime": {"datetime": "2020-01-24 14:41:55", "elapsed": 0.0, "delta": 0.0}}
